'序号,'昵称,'视频ID,'视频标题,'发布时间↓,'点赞↓,'评论↓,'分享↓,'商品标题,'商品价格,'商品销量,'抖音号,'UID,'视频地址,'商品地址,'粉丝福利,'商品来源,'商品id,'音乐id,,,BPM,KEY,音乐链接
'1,'[置顶]美兰Lan,'6717814812774026504,'闺蜜遇到绿茶应该怎样配合解决？#美妆 @乃提Guli,'2019-07-26 17:49:50,'840297,'2623,'2258,'HEDONE内心戏镜面唇釉玻璃水光唇蜜口红一克喜欢半熟期待果汁唇油,'36664,'85,'1117823128,'101200185471,'http://v26-dy.ixigua.com/1e3f7583bc4b6a82c957449468b161ec/5f0924cd/video/m/2205b92c3026e714f2ea2d610ed7f4fb2131162ff25f00009d057ea86590/?a=1128&br=2769&bt=923&cr=3&cs=0&dr=0&ds=6&er=&l=20200711093200010014047205179B2E75&lr=all&mime_type=video_mp4&qs=0&rc=MzN4ZW5rZjNmbjMzOGkzM0ApPDw6ZTc7PGRkNzQ5NTc4O2dvbF9ia19rbXFfLS1fLTBzc2MyLzE1LmM2LzEvY14uY146Yw%3D%3D&vl=&vr=,'https://s.click.taobao.com/t?e=m%3D2%26s%3DxTsDVhk%2BuQtw4vFB6t2Z2ueEDrYVVa64yK8Cckff7TVRAdhuF14FMU9RI7cBOoZ5RitN3%2FurF3ygo4ckCI9nmRArOr895NZCZmeqMCTvL48AJ398%2BLwQh4z4rjZDGVMA3AH%2B%2FtbjUKvEX1hlZoQF%2B%2F1SarTXhIOTY%2BB6b2yaC%2B4cTNWtqRPez%2F7nyHmkoZi79IE6tILtE8BZFSug8cI33NMtvXBoP%2F8Im7mCYPNDvKSXwxfIS7TjS5EIiGF4IqgdIPgUSaeV582hhtE3qy9fAnEqY%2Bakgpmw&union_lens=lensId:0b0b6072_0c93_16d9512ab85_0509&xId=ovUAOKVquGrz0R5fmjfgZzjmW6eE7mQkv04niSodCUQmipoof6Ejn9bEFNExJIFkhckOr93ePPu2ripTR4HKgu&union_lens=lensId:0b0fc015_0c11_16d9512ab85_3a79,'https://uland.taobao.com/coupon/edetail?e=KESC172ZiZAGQASttHIRqVD85eMYe0f0E53XViAg7Y%2F2oFX1XtpywYUxDakcsl21QiXkodPAUWZJuYKLk95oBXt9FBmzVyrLNqlX6WMFrEwXDeHFYFDhNbgYcl6ppmbB77OZi1CaWIp%2BMcw1PGxgpDEhJpUUrcnY0XgA0FWhMYrdyxJOMGkWr8Rlqw%2FTjW%2BQLspxGy3zBjYhRMWfqQsYh9VqM6BWlz38UdqUaKn4GrnbJhO3sBP68upIgjs5ZnwAsCrH11z0xkA%3D&traceId=0b0b459115701640917324360e&union_lens=lensId:0b0b6072_0c93_16d9512ab85_0509&xId=ovUAOKVquGrz0R5fmjfgZzjmW6eE7mQkv04niSodCUQmipoof6Ejn9bEFNExJIFkhckOr93ePPu2ripTR4HKgu&union_lens=lensId:0b0fc015_0c11_16d9512ab85_3a79,'来自淘宝人气：4058117,'593673411246,'6717854733593332483,,,128,9A,TroyBoi《KinjaBang》https://c.y.qq.com/base/fcgi-bin/u?__=JxZPww3 @QQ音乐
'2,'[置顶]美兰Lan,'6718140753295510792,'你们猜到了结局吗？就问你们爽不爽？#美妆 @乃提Guli,'2019-07-27 17:05:43,'312813,'1404,'1004,'HEDONE眼影盘玫瑰香槟烟熏金箔眼影盘ins超火便携珠光bling闪粉,'3144,'109,'1117823128,'101200185471,'http://v26-dy.ixigua.com/938acfc02ab5ccc2e89a0e6ba3d94687/5f0924cc/video/m/220630fe15108d24643ba0e42c9157f62c81163008fd00008c12ca893455/?a=1128&br=3522&bt=1174&cr=3&cs=0&dr=0&ds=6&er=&l=20200711093200010014047205179B2E75&lr=all&mime_type=video_mp4&qs=0&rc=ajUzO3dyeG40bjMzO2kzM0ApZ2c3M2Y0NTwzNzZkaTkzaGcwMGBxNTZlNHJfLS1fLTBzczI0Y2FeLmIwYS8xX2M0XjI6Yw%3D%3D&vl=&vr=,'https://s.click.taobao.com/t?e=m%3D2%26s%3DXoX33CGLOidw4vFB6t2Z2ueEDrYVVa64yK8Cckff7TVRAdhuF14FMeX%2FC76KnADkJ1gyddu7kN%2Bgo4ckCI9nmRArOr895NZCZmeqMCTvL48AJ398%2BLwQh4z4rjZDGVMA3AH%2B%2FtbjUKvEX1hlZoQF%2B%2F1SarTXhIOTY%2BB6b2yaC%2B4cTNWtqRPez%2F7nyHmkoZi7a%2BGgOzY7UHJppvCGbenQ59MtvXBoP%2F8Im7mCYPNDvKSXwxfIS7TjS5EIiGF4IqgdIPgUSaeV582hhtE3qy9fAnEqY%2Bakgpmw&union_lens=lensId:0b01e6c4_0bd8_16d9bab5749_5e17&xId=1jRqvHp1P2drMHmyKp17ZVlYNOjEZRILt2E0HauPQLdU5GddgWwWxavDXfx8owhMvVKYDMUQvWkFE9KKhNFmYE&union_lens=lensId:0b1b4ba8_0c57_16d9bab5749_b8a0,'https://uland.taobao.com/coupon/edetail?e=jqI%2FWdb9cRcGQASttHIRqe%2BoI0UBbjFJQuFq3vLjHgH2oFX1XtpywYUxDakcsl21QiXkodPAUWZJuYKLk95oBXt9FBmzVyrLNqlX6WMFrEwXDeHFYFDhNbgYcl6ppmbB77OZi1CaWIp%2BMcw1PGxgpDEhJpUUrcnY0XgA0FWhMYrdyxJOMGkWr8Rlqw%2FTjW%2BQLspxGy3zBjYhRMWfqQsYh9VqM6BWlz38UdqUaKn4GrnbJhO3sBP68upIgjs5ZnwAj%2FoPvzpaIpg%3D&traceId=0b09301b15702747604443663e&union_lens=lensId:0b01e6c4_0bd8_16d9bab5749_5e17&xId=1jRqvHp1P2drMHmyKp17ZVlYNOjEZRILt2E0HauPQLdU5GddgWwWxavDXfx8owhMvVKYDMUQvWkFE9KKhNFmYE&union_lens=lensId:0b1b4ba8_0c57_16d9bab5749_b8a0,'来自淘宝人气：1329896,'595223360525,'6717904795849575172,,,109,4A,群星《斗牛士之歌》https://c.y.qq.com/base/fcgi-bin/u?__=NwrPwwY @QQ音乐
'3,'美兰Lan,'6820228389148953863,'我有一个不善于表达的爸爸，现在才知道他一直在用自己的方式爱我。@立白,2020/4/27 18:00,'697,'24,'2,'立白天然倍净浓缩洗衣凝珠除菌除螨洗衣球洗衣液家用实惠装,'44088,'49.9,'1117823128,'101200185471,'http://v26-dy.ixigua.com/792ad777fa89a1b9bbfd5ece6574291a/5f0924e9/video/tos/cn/tos-cn-ve-15/f7b4d7247ca544a78e76b3a6d304cde5/?a=1128&br=3876&bt=1292&cr=3&cs=0&dr=0&ds=6&er=&l=20200711093200010014047205179B2E75&lr=all&mime_type=video_mp4&qs=0&rc=ajNwZXJ0PHc4dDMzNmkzM0ApNDw3NWQ1NWU5NzQ5PDg5NWdua2c1MmVwL2dfLS1hLS9zc14tLS4zYy1iXy00YmFfYjU6Yw%3D%3D&vl=&vr=,'https://s.click.taobao.com/t?e=m%3D2%26s%3DSalTtk7ICp1w4vFB6t2Z2ueEDrYVVa64yK8Cckff7TVRAdhuF14FMSVY2Mx8LiEKJ1gyddu7kN%2Bgo4ckCI9nmRArOr895NZCZmeqMCTvL48AJ398%2BLwQh4z4rjZDGVMAkj5satYvfFfRre7jpFdu16Q6sZp7gNLm5rVRUC83csYcTNWtqRPez1x%2BbfvFvg8l2fgfj%2FKcjhf6tCDmR1%2BNPxxM1a2pE97PM%2BKEzV6eEkxUXM1cO9VM5iSIzQmZT19KLDzSsrrRxSFSUAU3SEXRB8YOae24fhW0&union_lens=lensId:TAPI@1587958170@0b0f604c_0e29_171b9aec2b9_96b2@01,'https://uland.taobao.com/ccoupon/edetail?e=Y048IXKZR1IE%2BdAb1JoOOp%2BppepR01Znbg5EAAuM2%2FH2oFX1XtpywYUxDakcsl21QiXkodPAUWZJuYKLk95oBXt9FBmzVyrLNqlX6WMFrEwXDeHFYFDhNeji84Xvezvjs%2Ftu6AU7OgBqTU7h99U4mglqpuf3Iu7OCi%2BP3nw3s2r%2BbFLYGvLtLfsnwWZGSCD41ug731VBEQm0m3Ckm6GN2Oy6m0pQJJ4r1hirwhW9MEBDLsaEUNwvhzOKAvSFwHDKonv6QcvcARY%3D&traceId=0b0b3e7415879581700597228e&union_lens=lensId:TAPI@1587958170@0b0f604c_0e29_171b9aec2b9_96b2@01,'来自淘宝人气：15458,'610183525804,'6820228422540561160,,,97,11B,Lost Frequencies/Janieck Devy《Reality》https://c.y.qq.com/base/fcgi-bin/u?__=nBGewwy @QQ音乐
'4,'美兰Lan,'6779136045637291267,'今天的任务是：隐藏年龄！,'2020-01-08 17:00:54,'1460,'22,'9,'一叶子黄金面膜女补水保湿抗初老抗皱抗糖提拉紧致焕亮旗舰店正品,'7202,'119,'1117823128,'101200185471,'http://v26-dy.ixigua.com/578c8be769b5fca3e69181a6c341857d/5f0924d9/video/tos/hxsy/tos-hxsy-ve-0015/5f32d1506e254d8d82841f9556f12bd7/?a=1128&br=3267&bt=1089&cr=3&cs=0&dr=0&ds=6&er=&l=20200711093200010014047205179B2E75&lr=all&mime_type=video_mp4&qs=0&rc=M2h2ZGtsZ3M4cjMzZWkzM0ApNDxpMzc4aDs7NzM2ZTw2ZWducV5jMGllNF5fLS0vLS9zczNgNjM1Ly0yNF8tLjAxYjU6Yw%3D%3D&vl=&vr=,'https://s.click.taobao.com/t?e=m%3D2%26s%3DBoiJdblMp8dw4vFB6t2Z2ueEDrYVVa64yK8Cckff7TVRAdhuF14FMWUaZPsWQFVG8sviUM61dt2go4ckCI9nmRArOr895NZCZmeqMCTvL48AJ398%2BLwQh4z4rjZDGVMAfnL%2FSp8IeuAsRW2oTYehBf1SarTXhIOTY%2BB6b2yaC%2B4cTNWtqRPez%2F7nyHmkoZi7uDJve2nkYxGdJa%2BX5n600tMtvXBoP%2F8Im7mCYPNDvKSXwxfIS7TjS5EIiGF4Iqgd%2Fd56SoJntGrXyZlWfJcPOus3jfRiCEcI&union_lens=lensId:0b57b76e_0c53_16f7f69b89e_5725&xId=sBy9aBBXFzNQK4qjq54de0o3DMyoxBPf6CKaiIPBEmYpw9uVzghKGrCxc8vPdZz6AUho8uhcFM30d7Pc8fwQZu&union_lens=lensId:0b0b3631_1188_16f7f69b8a0_7873,','来自淘宝人气：264055,'607890955684,'6779124051601591043,,,82,8A,ko-ko-ya (コ`コ`ヤ)《特eな一日 (特别的一天)》https://c.y.qq.com/base/fcgi-bin/u?__=8nzewwV @QQ音乐
'5,'美兰Lan,'6754221406164208908,'一定要让自己吃的土物超所值啊#我在意的都给你 @抖音小助手,'2019-11-01 14:28:46,'9103,'99,'14,'SKG 美容仪 家用 冰肌导入导出 温热 冰敷 提拉紧致 面部嫩肤仪 3249,'505,'499,'1117823128,'101200185471,'http://v26-dy.ixigua.com/26e5f6234c027e606bb3c782e837685f/5f0924ce/video/m/220b79b00c617bc42e6949886ab62e493f61163fbc8200008d8487a379d6/?a=1128&br=3810&bt=1270&cr=3&cs=0&dr=0&ds=6&er=&l=20200711093200010014047205179B2E75&lr=all&mime_type=video_mp4&qs=0&rc=M2tyeWZsdXl3cDMzZ2kzM0ApPGg2OjplZ2U5Nzc6NDtnOmdiaV80M29jLXFfLS02LS9zc140NF42LWFgNWA0YmA0Ml46Yw%3D%3D&vl=&vr=,'https://u.jd.com/4XEDyR,','来自京东人气：469,'100005743892,'6754216681482423047,,,124,5A,D1ofaquavibe《The Party Troll》https://c.y.qq.com/base/fcgi-bin/u?__=Snoewwe @QQ音乐
'6,'美兰Lan,'6752770143799053581,'我今天真的是亏大了！我的倍轻松护眼仪#美妆 @抖音小助手,'2019-10-28 16:37:07,'6476,'24,'25,'倍轻松AI眼精灵 iSeeX声控护眼仪眼部按摩器智能眼保仪,'161,'699,'1117823128,'101200185471,'http://v26-dy.ixigua.com/4a2c247c6298240503896dbd930c1672/5f0924db/video/m/220e934cf4f1e57440fafd433387e4eda9a1163fc5cb00000ffe41c0c13b/?a=1128&br=3522&bt=1174&cr=3&cs=0&dr=0&ds=6&er=&l=20200711093200010014047205179B2E75&lr=all&mime_type=video_mp4&qs=0&rc=M3VsM3g1OTZkcDMzOmkzM0ApPGU4Zjs2aTs5N2k2ZTM0aWdoMTBjbmdfZW9fLS1eLS9zczZhLS0yYGA2L15eYWMuYmI6Yw%3D%3D&vl=&vr=,'https://s.click.taobao.com/t?e=m%3D2%26s%3D%2F6ri2W48yNVw4vFB6t2Z2ueEDrYVVa64yK8Cckff7TVRAdhuF14FMXGFnbu1oDiWlovu%2FCElQOugo4ckCI9nmRArOr895NZCZmeqMCTvL48AJ398%2BLwQh4z4rjZDGVMAzkk09NHGNkP0W%2F0AyedX3P1SarTXhIOTrhzfEh3ilxbYR16Frqer%2F9kYvQZuIwx3oGeIQL4Fi9E7A%2FPSSo%2FDtIzbGbjosNhlk8JK01RBLHZtu84DtRxauk9RNdF9PG1054D9O%2FIWQ4%2BVlMEqA3PwTyB4b8xwNKLSxg5p7bh%2BFbQ%3D&union_lens=lensId:0b17774d_0c29_16e1182fc31_af0b&xId=NPmd2ieWCFfsj4DiSg4sgk4wAoXlGOFPYFTjnQAtnHXSY4QIkJy6VQ7OpyzeUazwHVqRfdSml4rnrFpCwXrg9a&union_lens=lensId:0b1aeb4a_0c18_16e1182fc34_24c8,','来自淘宝人气：33708,'596793171496,'6752764198838684420,,,90,9A,ke-ki《Boudoir Bop》https://c.y.qq.com/base/fcgi-bin/u?__=wGMewwR @QQ音乐
'7,'美兰Lan,'6749805997235260686,'顿时感觉自己拯救了全世界……#美妆 #美丽浙江 @小魔女洋洋洋,'2019-10-20 16:54:38,'3193,'24,'10,'完美日记小酒管水光唇釉联名款新色唇彩唇蜜口红持久保湿镜面学生,'63863,'59.9,'1117823128,'101200185471,'http://v26-dy.ixigua.com/825c8e06ac40a8d2b4e3e22766a68ef4/5f0924ce/video/m/22068f38195fd8f4993b6f5138128b4e4541163e44fc000035ab0c0d25bc/?a=1128&br=3624&bt=1208&cr=3&cs=0&dr=0&ds=6&er=&l=20200711093200010014047205179B2E75&lr=all&mime_type=video_mp4&qs=0&rc=M3Y1cjR1aHA1cDMzaGkzM0ApZGQ1OWU5Zzw7Nzg8ODhlOGdfM3NlLm1eLWpfLS01LS9zc18tLjYuLTU1MTA2X18uYl86Yw%3D%3D&vl=&vr=,'https://s.click.taobao.com/t?e=m%3D2%26s%3DNAbg5QxTootw4vFB6t2Z2ueEDrYVVa64yK8Cckff7TVRAdhuF14FMfbTW2HyDgQr8sviUM61dt2go4ckCI9nmRArOr895NZCZmeqMCTvL48AJ398%2BLwQh4z4rjZDGVMAfVugKHQq3kHAVxT5uJ5Iiv1SarTXhIOTY%2BB6b2yaC%2B4cTNWtqRPez%2F7nyHmkoZi7Kk0b5xmWL%2Bn1aIRPU%2Bqg7NMtvXBoP%2F8Im7mCYPNDvKSXwxfIS7TjS5EIiGF4IqgdIPgUSaeV582hhtE3qy9fAnEqY%2Bakgpmw&union_lens=lensId:0b1545dd_0c26_16e113e3dbb_90a7&xId=nx5XWwag8Gjm7Uv8P4ho0UQJgY2KMTfnvh9aC3rBEHjHXgxFwfF5YmEB0FsQFPukSSjIWWxf8mj3uErLJCO1Pf&union_lens=lensId:0b1aeb4a_0c18_16e113e3dbe_8a28,','来自淘宝人气：5429580,'600531756620,'6749799462690065159,,,85,10B,King Joe《Kung Fu (功夫)》https://c.y.qq.com/base/fcgi-bin/u?__=Sg2ewws @QQ音乐
'8,'美兰Lan,'6748335502270795020,'走进工厂去看看，我们明天精彩继续！#美妆 #我是诗词达人 @抖音小助手,'2019-10-16 17:48:22,'475,'14,'10,'韩束高机能红胶囊补水保湿弹润爽肤水护肤收缩毛孔化妆精华水正品,'49343,'95,'1117823128,'101200185471,'http://v26-dy.ixigua.com/72a79549bfa8df5642a1b80f9f1260b7/5f0924b1/video/m/220cae5ffe9b1d44e9c81c7f4974b53620e1163dc9a70000659286b5ffca/?a=1128&br=3390&bt=1130&cr=3&cs=0&dr=0&ds=6&er=&l=20200711093200010014047205179B2E75&lr=all&mime_type=video_mp4&qs=0&rc=amd3ajdwc3FocDMzOmkzM0ApZjtpOTNoOGQ3N2ZoPGg3M2c1anMuamZhYmdfLS1gLTBzcy5hYl5eMzVgXl9hXzUyLjM6Yw%3D%3D&vl=&vr=,'https://s.click.taobao.com/t?e=m%3D2%26s%3DN%2BRVFbcDiexw4vFB6t2Z2ueEDrYVVa64yK8Cckff7TVRAdhuF14FMfbTW2HyDgQrMMgx22UI05ago4ckCI9nmRArOr895NZCZmeqMCTvL48AJ398%2BLwQh4z4rjZDGVMAxzUxoB29yTPEpBUtJrIEFwOKb4RBvTUM4gAEq9KawJzvPw63siJT687AMx9cWAx%2BTqqD3S%2FyRBDPdENQlVEohJvwKq1YN4qJZmCpj0I5V4Im%2BBUS%2Bsp%2BO0C0Lao9jUAjO0KtyLFb4ki6T3Avo8XAcCGFCzYOOqAQ&union_lens=lensId:0b01e6c4_0c65_16e113e561d_8c4d&xId=wZbUVTT57KYR20UnM2KPgTEftrQdfuebd0M2adrE8EhMT5aICSC1tno0kBVwQ4PTNlOGKT9WujSUf4bQCXqCSx&union_lens=lensId:0b0b00e4_0c31_16e113e561f_6a34,','来自淘宝人气：2559902,'578958118534,'6748330545064987405,,,130,11B,Tyron Hapi/Bianca《Lost Control(feat. Bianca)》https://c.y.qq.com/base/fcgi-bin/u?__=NDVewwQ @QQ音乐
'9,'美兰Lan,'6746105906372611339,'散粉的多种用法，你都知道吗？#美妆 #看见每个你 @抖音小助手,'2019-10-10 17:36:24,'1573,'19,'35,'完美日记金色散粉蜜粉定妆粉持久控油防水防汗空气蜜粉三丽鸥联名,'127101,'79.9,'1117823128,'101200185471,'http://v26-dy.ixigua.com/90d850a33366156df4c7f2bcb03da093/5f0924db/video/m/2205f206adb37dd45efb40f2150d30e80551163c41fb000052f8258e3a14/?a=1128&br=2886&bt=962&cr=3&cs=0&dr=0&ds=6&er=&l=20200711093200010014047205179B2E75&lr=all&mime_type=video_mp4&qs=0&rc=M248N3Buc3VpcDMzN2kzM0ApODxmNTZoZDxnN2Q2ZjhpPGdoZm9qYXBtamNfLS1gLS9zc2JhMDQyYC1gMWJjLTZiLmE6Yw%3D%3D&vl=&vr=,'https://s.click.taobao.com/t?e=m%3D2%26s%3DyFFKxlosst1w4vFB6t2Z2ueEDrYVVa64yK8Cckff7TVRAdhuF14FMb6AO77UdDTexq3IhSJN6GSgo4ckCI9nmRArOr895NZCZmeqMCTvL48AJ398%2BLwQh4z4rjZDGVMAfVugKHQq3kHAVxT5uJ5Iiv1SarTXhIOTY%2BB6b2yaC%2B4cTNWtqRPez%2F7nyHmkoZi7FEgkIOcskwQ4zETIauegDdMtvXBoP%2F8Im7mCYPNDvKSXwxfIS7TjS5EIiGF4IqgdIPgUSaeV582hhtE3qy9fAnEqY%2Bakgpmw&union_lens=lensId:0b1b2b7f_0c36_16e113ee3d2_badb&xId=jCCBcmfAlc6VrtmTmTKMD5E4env4nozbcLG85GRPFJRDAtBUPkRadQvwlver9bOWXeejKA8rJgqsYx2oDakA8j&union_lens=lensId:0b0ad220_0c50_16e113ee3d4_2daa,'https://uland.taobao.com/coupon/edetail?e=odqzUiVRA7wE%2BdAb1JoOOidDXqQbaL0%2FrPz9QiUT6Ej2oFX1XtpywYUxDakcsl21QiXkodPAUWZJuYKLk95oBXt9FBmzVyrLNqlX6WMFrEwXDeHFYFDhNbgYcl6ppmbB77OZi1CaWIp%2BMcw1PGxgpDEhJpUUrcnY0XgA0FWhMYrdyxJOMGkWr8Rlqw%2FTjW%2BQLspxGy3zBjYhRMWfqQsYh9VqM6BWlz38UdqUaKn4GrnbJhO3sBP68m64zALlG37VDBfUsJFT3LQ%3D&traceId=0b1b5b0715722473645197968e&union_lens=lensId:0b1b2b7f_0c36_16e113ee3d2_badb&xId=jCCBcmfAlc6VrtmTmTKMD5E4env4nozbcLG85GRPFJRDAtBUPkRadQvwlver9bOWXeejKA8rJgqsYx2oDakA8j&union_lens=lensId:0b0ad220_0c50_16e113ee3d4_2daa,'来自淘宝人气：3895762,'601223187476,'6746069483124771591,,,136,4A,分享iKON的单曲《LOVE SCENARIO》:?http://music.163.com/song/1311347412/?userid=1508029736?(来自@网易云音乐)
'10,'美兰Lan,'6743867719625510152,'怎么能忍受草莓一样的鼻子！必须治他！#美妆 @会化妆的包子,'2019-10-04 16:51:04,'5001,'54,'41,'阿芙荷荷巴油/霍霍巴油 黑头jojoba精油基础油护肤脸部面部按摩去,'11218,'98,'1117823128,'101200185471,'http://v26-dy.ixigua.com/abc70d916295abab4fb752435f0e3ec1/5f0924d3/video/m/220cd0ea39aa43a478da9e328808c9bbf5c1163b76e0000009341b1ed0c3/?a=1128&br=3393&bt=1131&cr=3&cs=0&dr=0&ds=6&er=&l=20200711093200010014047205179B2E75&lr=all&mime_type=video_mp4&qs=0&rc=ajRyeDx5czpqcDMzaWkzM0ApODc0ZWYzZjxpN2Q7ZWdpaGdpaF4tM25fY19fLS1hLS9zczIwYjZhYzNhX2I1XmAzNmI6Yw%3D%3D&vl=&vr=,'https://s.click.taobao.com/t?e=m%3D2%26s%3DNK%2BdAp3kUkpw4vFB6t2Z2ueEDrYVVa64yK8Cckff7TVRAdhuF14FMfD4LHD%2F6X1Ft4hWD5k2kjOgo4ckCI9nmRArOr895NZCZmeqMCTvL48AJ398%2BLwQh4z4rjZDGVMAdYeOIShqURIxMJagSGyxTKQ6sZp7gNLm5rVRUC83csYcTNWtqRPez%2F7nyHmkoZi71hjz2dNwkcSafokZLWsOkAhf4gd7Ve8pHEzVrakT3s8z4oTNXp4STFRczVw71UzmJIjNCZlPX0qiuRa0s1sRMj17DWP7A46c&union_lens=lensId:0b012f08_0c25_16e113f2bf7_51a7&xId=iLZJEdVg5OgcMJkHAeo956m8UMLmPC4lLHEQVx95EacGZfUsr2RK2u41W8Tqm0L02lLxgl6p5LUmXTgywSmNts&union_lens=lensId:0b1af702_0c86_16e113f2bf9_465c,'https://uland.taobao.com/coupon/edetail?e=3NAbtarf1Dg8Clx5mXPEKmeLFiB9eNllVzNzw3NIwUzRrLgYqRo6Dzj9MR5um9Ra6C4R0lhpdUd4dc5TiSQCuyfcmQ7b4KSaM6EfiHR4Se8RlL5JUrjdOysr75DU1fd3tKhhTwaSVOT%2FsIx9wwpia5Q5wfGz%2Fu%2BNaKFFpWJJnw5diwTmD3eVNiZ6Y%2FpkHtT5QS0Flu%2FfbSovkBQlP112cACbVeUhNk1aUgcFRmPI31g6A%2FdD%2Fod8tka6Vn3wIl2eUbSlxttW8FY%3D&traceId=0b0f763415722473829802313e&union_lens=lensId:0b012f08_0c25_16e113f2bf7_51a7&xId=iLZJEdVg5OgcMJkHAeo956m8UMLmPC4lLHEQVx95EacGZfUsr2RK2u41W8Tqm0L02lLxgl6p5LUmXTgywSmNts&union_lens=lensId:0b1af702_0c86_16e113f2bf9_465c,'来自淘宝人气：6708698,'4617621732,'6743856754901289735,,,139,11A,分享?? ? ?? ?? (RGP)/权正烈的单曲《Beautiful Girl》:?http://music.163.com/song/30987373/?userid=1508029736?(来自@网易云音乐)
'11,'美兰Lan,'6743132792604921099,'外卖小伙伴真的是太难了……#美妆 #外卖 @抖音小助手,'2019-10-02 17:19:11,'13541,'29,'43,'完美日记小酒管水光唇釉联名款新色唇彩唇蜜口红持久保湿镜面学生,'63863,'59.9,'1117823128,'101200185471,'http://v26-dy.ixigua.com/6dfb8f9501ec489a7d98e6b905823ea2/5f0924cc/video/m/220083564e1a15c48c5ab3a3a5263fe65971163aa660000073d414ead826/?a=1128&br=3906&bt=1302&cr=3&cs=0&dr=0&ds=6&er=&l=20200711093200010014047205179B2E75&lr=all&mime_type=video_mp4&qs=0&rc=M3BodjZ1bXU5cDMzZ2kzM0ApZWk5ZzQ5ZTs4NzxmODRnNGdpY2gtXmBhal5fLS1jLTBzc2A2YDMvYy1fYzEwYC01YDM6Yw%3D%3D&vl=&vr=,'https://s.click.taobao.com/t?e=m%3D2%26s%3DNAbg5QxTootw4vFB6t2Z2ueEDrYVVa64yK8Cckff7TVRAdhuF14FMfbTW2HyDgQr8sviUM61dt2go4ckCI9nmRArOr895NZCZmeqMCTvL48AJ398%2BLwQh4z4rjZDGVMAfVugKHQq3kHAVxT5uJ5Iiv1SarTXhIOTY%2BB6b2yaC%2B4cTNWtqRPez%2F7nyHmkoZi7Kk0b5xmWL%2Bn1aIRPU%2Bqg7NMtvXBoP%2F8Im7mCYPNDvKSXwxfIS7TjS5EIiGF4IqgdIPgUSaeV582hhtE3qy9fAnEqY%2Bakgpmw&union_lens=lensId:0b1545dd_0c26_16e113e3dbb_90a7&xId=nx5XWwag8Gjm7Uv8P4ho0UQJgY2KMTfnvh9aC3rBEHjHXgxFwfF5YmEB0FsQFPukSSjIWWxf8mj3uErLJCO1Pf&union_lens=lensId:0b1aeb4a_0c18_16e113e3dbe_8a28,','来自淘宝人气：5429580,'600531756620,'6743128403710429963,,,81,8A,分享V.A.的单曲《Comic Party》:?http://music.163.com/song/32272804/?userid=1508029736?(来自@网易云音乐)
'12,'美兰Lan,'6742766965405797636,'今天又是不平凡的一天！我该怎么办？#美妆 #手机 #国庆 @抖音小助手,'2019-10-01 17:39:35,'13191,'29,'37,'ZEESEA滋色埃及艳后口红小众品牌大英博物馆女学生款滋润姿色306,'5200,'89.9,'1117823128,'101200185471,'http://v26-dy.ixigua.com/c0539206161311c8e1954f2b12d40450/5f0924d2/video/m/220b185071c26c84365911f6dca9181ff0b1163a6c7200003d618454ec5d/?a=1128&br=3474&bt=1158&cr=3&cs=0&dr=0&ds=6&er=&l=20200711093200010014047205179B2E75&lr=all&mime_type=video_mp4&qs=0&rc=amx4dW43ZTprcDMzZ2kzM0ApNDdlZ2k7Zzs5Nzo4ZDo3aGdgb2RlXjBxcTZfLS1jLTBzcy9gY2IuYzM2MjI0LjQyMC06Yw%3D%3D&vl=&vr=,'https://s.click.taobao.com/t?e=m%3D2%26s%3DXkspijImBjpw4vFB6t2Z2ueEDrYVVa64yK8Cckff7TVRAdhuF14FMZHWHN5xJeXP8sviUM61dt2go4ckCI9nmRArOr895NZCZmeqMCTvL48AJ398%2BLwQh4z4rjZDGVMAXGKiKMbJVYSHTmz0casUXv1SarTXhIOTrhzfEh3ilxbYR16Frqer%2FxIjP5Uhv22Ui%2FfjrNVpyU6u%2Bff1MsJkc9hHXoWup6v%2F1JztS5T9N8Z040xTe74sItAtu5t0lvo341YlJTA1HMO9KzILw1MW6qJn5AyUbPoV&union_lens=lensId:0b013a8d_0c7d_16dab3cd0e3_674f&xId=xEXQKdFVpqbot4xGLrewGu0u2hmzwhMtzUzeu8cTLCLdSkMGNjYOpNMBmC2QMTsi6DtpBmUnIYjA0mTZANDxUi&union_lens=lensId:0b835ffa_0c51_16dab3cd0e4_ad38,','来自淘宝人气：4545330,'594384147146,'6742762317069175563,,,83,8A,分享V.A.的单曲《Comic Party》:?http://music.163.com/song/32272804/?userid=1508029736?(来自@网易云音乐)
'13,'美兰Lan,'6740557494910799115,'直男可以不会分辨女生，只要知道你女朋友不喜欢的都不是好人就对了#美妆 @会化妆的包子 @颜夕子,'2019-09-25 18:45:43,'7571,'72,'61,'ZEESEA滋色李汶翰代言埃及蜜粉饼散粉定妆粉控油持久防水防汗遮瑕,'235229,'69.9,'1117823128,'101200185471,'http://v26-dy.ixigua.com/4e2e196b6ca835f5f11b6a721e5e3e4a/5f0924d6/video/m/220a6d4509f8eb54494a8bf306238f86e8b1163917cd00003c4805856bf2/?a=1128&br=4485&bt=1495&cr=3&cs=0&dr=0&ds=6&er=&l=20200711093202010008061103189A9E1D&lr=all&mime_type=video_mp4&qs=0&rc=M3ZkMztpN3RucDMzNmkzM0ApOzRkODQ2ZjxoNztoaTZmM2dtcWFkMGswNTJfLS0xLTBzczI2L14tYmBfLjEyMDUuXjY6Yw%3D%3D&vl=&vr=,'https://s.click.taobao.com/t?e=m%3D2%26s%3DeUx7PdnPtaRw4vFB6t2Z2ueEDrYVVa64yK8Cckff7TVRAdhuF14FMbpqvrOlxNeeMMgx22UI05ago4ckCI9nmRArOr895NZCZmeqMCTvL48AJ398%2BLwQh4z4rjZDGVMAXGKiKMbJVYSHTmz0casUXv1SarTXhIOTrhzfEh3ilxbYR16Frqer%2FxIjP5Uhv22URhD%2BRIsxrstxcpIxUdFRTthHXoWup6v%2F1JztS5T9N8Z040xTe74sItAtu5t0lvo341YlJTA1HMO9KzILw1MW6qJn5AyUbPoV&union_lens=lensId:0b015dd6_0c62_16d94307c03_1443&xId=N0o3J9W2yW1HtdpixeN6vRaFsNzawUHadmfVqZNTcFqI4v415d5Wfn0fRHsWpidDEAW9H3qtdoowopVInIKHm6&union_lens=lensId:0b8348ee_0c7c_16d94307c03_3ffb,','来自淘宝人气：14931431,'559829737659,'6740540441101552392,,,126,7A,加藤_也 (かとう たつや)《お父さんタ`ッチ (父亲Touch)》https://c.y.qq.com/base/fcgi-bin/u?__=rw1jwwb @QQ音乐
'14,'美兰Lan,'6740168847480933644,'擦亮你的双眼！不是所有人都是你的好朋友！#美妆 @小彤小可,'2019-09-24 17:37:35,'5686,'16,'27,'完美日记金色散粉蜜粉定妆粉持久控油防水防汗空气蜜粉三丽鸥联名,'127101,'79.9,'1117823128,'101200185471,'http://v26-dy.ixigua.com/19e91de0c8091d3d786dcc9516d66742/5f0924d0/video/m/22085f931b334ac4f74bcbebaf431b8c13b11638d1100000426872e373a1/?a=1128&br=3561&bt=1187&cr=3&cs=0&dr=0&ds=6&er=&l=20200711093202010008061103189A9E1D&lr=all&mime_type=video_mp4&qs=0&rc=ajRoOWtybXd4cDMzNmkzM0ApaTM2NDNoOztlN2Q4OTo6NmdqLmc0Y3JtMzFfLS00LTBzczU2Yy42NC4yYjYzNDEtYDI6Yw%3D%3D&vl=&vr=,'https://s.click.taobao.com/t?e=m%3D2%26s%3DyFFKxlosst1w4vFB6t2Z2ueEDrYVVa64yK8Cckff7TVRAdhuF14FMb6AO77UdDTexq3IhSJN6GSgo4ckCI9nmRArOr895NZCZmeqMCTvL48AJ398%2BLwQh4z4rjZDGVMAfVugKHQq3kHAVxT5uJ5Iiv1SarTXhIOTY%2BB6b2yaC%2B4cTNWtqRPez%2F7nyHmkoZi7FEgkIOcskwQ4zETIauegDdMtvXBoP%2F8Im7mCYPNDvKSXwxfIS7TjS5EIiGF4IqgdIPgUSaeV582hhtE3qy9fAnEqY%2Bakgpmw&union_lens=lensId:0b1b2b7f_0c36_16e113ee3d2_badb&xId=jCCBcmfAlc6VrtmTmTKMD5E4env4nozbcLG85GRPFJRDAtBUPkRadQvwlver9bOWXeejKA8rJgqsYx2oDakA8j&union_lens=lensId:0b0ad220_0c50_16e113ee3d4_2daa,'https://uland.taobao.com/coupon/edetail?e=odqzUiVRA7wE%2BdAb1JoOOidDXqQbaL0%2FrPz9QiUT6Ej2oFX1XtpywYUxDakcsl21QiXkodPAUWZJuYKLk95oBXt9FBmzVyrLNqlX6WMFrEwXDeHFYFDhNbgYcl6ppmbB77OZi1CaWIp%2BMcw1PGxgpDEhJpUUrcnY0XgA0FWhMYrdyxJOMGkWr8Rlqw%2FTjW%2BQLspxGy3zBjYhRMWfqQsYh9VqM6BWlz38UdqUaKn4GrnbJhO3sBP68m64zALlG37VDBfUsJFT3LQ%3D&traceId=0b1b5b0715722473645197968e&union_lens=lensId:0b1b2b7f_0c36_16e113ee3d2_badb&xId=jCCBcmfAlc6VrtmTmTKMD5E4env4nozbcLG85GRPFJRDAtBUPkRadQvwlver9bOWXeejKA8rJgqsYx2oDakA8j&union_lens=lensId:0b0ad220_0c50_16e113ee3d4_2daa,'来自淘宝人气：3895762,'601223187476,'6740079222586608395,,,85,7A,Pandrezz《Takin’ You For A Ride (Original Mix)》https://c.y.qq.com/base/fcgi-bin/u?__=JEpjww3 @QQ音乐
'15,'美兰Lan,'6734201259479272717,'有个不靠谱的闺密，是一种什么样的体验？#美妆 @电商小助手,'2019-09-08 15:40:17,'5825,'42,'41,'美康粉黛炫彩眼膜  淡化细纹紧致黑眼圈眼袋淡皱补水保湿正品女,'630,'69,'1117823128,'101200185471,'http://v3-dy.ixigua.com/79654e4dda37386f66629d46719c138c/5f0924d1/video/m/22079559a84cabc4224be4fb38e6f506f3111636ef74000073282876c8f3/?a=1128&br=4137&bt=1379&cr=3&cs=0&dr=0&ds=6&er=&l=202007110932040100140400322F9B6A1E&lr=all&mime_type=video_mp4&qs=0&rc=MzdvOmVsdTplbzMzNGkzM0ApZ2g0NDdlNjtlNzw5Ozg0OWdlal9jM29rLW5fLS1iLS9zc2A1MDZjXzY1LjZiY15gLTU6Yw%3D%3D&vl=&vr=,'https://s.click.taobao.com/t?e=m%3D2%26s%3DY%2BdTlAIU1hBw4vFB6t2Z2ueEDrYVVa64yK8Cckff7TVRAdhuF14FMTpyfjMh%2B5aa79%2FTFaMDK6Sgo4ckCI9nmRArOr895NZCZmeqMCTvL48AJ398%2BLwQh4z4rjZDGVMA4OBc6qLyqVdVDPwJriP0lgOKb4RBvTUM4gAEq9KawJzvPw63siJT687AMx9cWAx%2B67l%2B2If6%2FyK9fkDGN2BocZvwKq1YN4qJZmCpj0I5V4Im%2BBUS%2Bsp%2BO0C0Lao9jUAjO0KtyLFb4ki6T3Avo8XAcCGFCzYOOqAQ&union_lens=lensId:0bb698e5_0c78_16e113f6d6a_960b&xId=2mBJJsIM041NDQS2IDpD6oqoscPGX9LR0VUTgaV4nJ6dFXBq5xVGqx55hTjVZIzvEcyhhTm2y1Zhpj1AHl3CbI&union_lens=lensId:0b01f28b_0cad_16e113f6d6c_be5d,','来自淘宝人气：913189,'598893285942,'6734189998595164931,,,150,6A,Kate Lomas《Leave Out The Lows》https://c.y.qq.com/base/fcgi-bin/u?__=GZFjwwF @QQ音乐
'16,'美兰Lan,'6729366124351311107,'当你感觉到累时，是否也有这样一个人在爱着你？@乃提Guli,'2019-08-26 14:57:30,'7025,'56,'30,'BANILACO芭妮兰zero卸妆膏水乳霜脸部温和清洁眼唇旗舰店官网韩国,'3800,'99,'1117823128,'101200185471,'http://v3-dy.ixigua.com/4e4cdda5dffebf43da184069a31ffb70/5f0924d3/video/m/2204ee45ea21284461d9bc15419e82e561e11634e9f60000648efe50f28f/?a=1128&br=4527&bt=1509&cr=3&cs=0&dr=0&ds=6&er=&l=202007110932040100140400322F9B6A1E&lr=all&mime_type=video_mp4&qs=0&rc=am44O285b2pybzMzM2kzM0ApNzNkaWU8ZTw7N2k7PDNoZGcybHJiMHFxMmVfLS0yLTBzc2MyX2IxYzVeYC8wXl82NF46Yw%3D%3D&vl=&vr=,'https://s.click.taobao.com/t?e=m%3D2%26s%3DiAQekM0YoU9w4vFB6t2Z2ueEDrYVVa64yK8Cckff7TVRAdhuF14FMckOwBkEoWgKJ1gyddu7kN%2Bgo4ckCI9nmRArOr895NZCZmeqMCTvL48AJ398%2BLwQh4z4rjZDGVMA42mZxhrzSZz3RV6zqtP9N6LWMw3EOEsyZpQVr8B3DA2ezgG9NfqeywojujuscY6DUXNB5JfMgU63gRRXXAxFjuyl8rBLQEVsHEzVrakT3s8z4oTNXp4STFRczVw71UzmJIjNCZlPX0qiuRa0s1sRMj17DWP7A46c&union_lens=lensId:0b5832d4_0c47_16e113fbc81_8973&xId=ioiYYXcOd0EggJHZWZMXKfo2KagcYUyZwIqxYFtKrYIHSSKZKT16BbCroDH7gVASuTJS49CkGiHNY21PmB8Yx&union_lens=lensId:0b01eea0_0c3c_16e113fbc84_920e,','来自淘宝人气：278661,'598163781604,'6729332592409168652,,,151,8B,柳李/李硕《好好对自己》https://c.y.qq.com/base/fcgi-bin/u?__=j7wBwwp @QQ音乐
'17,'美兰Lan,'6727918390494776580,'你是来干嘛的不重要！重要的是尊不尊重我的人！#美妆新品特价日 @电商小助手,'2019-08-22 17:19:33,'68890,'159,'61,'卡姿兰眼影盘大地色亮片闪粉沙漠玫瑰ins超火珠光学生网红款套装,'88,'89,'1117823128,'101200185471,'http://v3-dy.ixigua.com/8fabfcd2d768c519fb0d92d6f9aa6e73/5f0924d2/video/m/220e72d8161502e474596ecacc4c1485f8e11633cb610000a1914156a035/?a=1128&br=3357&bt=1119&cr=3&cs=0&dr=0&ds=6&er=&l=202007110932040100140400322F9B6A1E&lr=all&mime_type=video_mp4&qs=0&rc=M2x1dmhqOTc4bzMzZ2kzM0ApNzg5Mzs8ZGVpNzg4aTk4Zmdqa2ZvbnEvcGNfLS1eLS9zczRgLV9iMWItNV4uLV80YzM6Yw%3D%3D&vl=&vr=,'https://s.click.taobao.com/t?e=m%3D2%26s%3DxKqHhnDpULlw4vFB6t2Z2ueEDrYVVa64yK8Cckff7TVRAdhuF14FMbKNxMpeIwfd8sviUM61dt2go4ckCI9nmRArOr895NZCZmeqMCTvL48AJ398%2BLwQh4z4rjZDGVMAJ4W3W6DrMNhJDk80jsGTwv1SarTXhIOTY%2BB6b2yaC%2B4cTNWtqRPez%2F7nyHmkoZi7NmWRMvij914%2Bla00H9AKCNMtvXBoP%2F8Im7mCYPNDvKSXwxfIS7TjS5EIiGF4IqgdIPgUSaeV582hhtE3qy9fAnEqY%2Bakgpmw&union_lens=lensId:0b0840e9_0c10_16cb89fc051_cc67&xId=kJHl9G3qXvSffcOxOkN8k7qg3Yu4ZhamOj4i13hAPjWH8HDsu2GDT79d39zAGNLHkvtQndd2h88FNsg6cGNHkC&union_lens=lensId:0b0b217b_0d3a_16cb89fc052_5009,','来自淘宝人气：116960,'583399832993,'6727911960261741323,,,85,10B,浜口史郎 (はまぐち しろう)《温泉わくわくしんちゃん》https://c.y.qq.com/base/fcgi-bin/u?__=lsCBww9 @QQ音乐
'18,'美兰Lan,'6727561066001337608,'今天真是丰富多彩的一天呢！#美妆新品特价日 @电商小助手,'2019-08-21 18:12:56,'4885,'62,'14,'花印含氨基酸洗面奶女男深层清洁毛孔补水保湿控油日本泡沫洁面乳,'43639,'55,'1117823128,'101200185471,'http://v3-dy.ixigua.com/75480b311b34de2332e3f90e9517bd7b/5f0924d6/video/m/2202dd8a341b4ae478a80b12339b9dcce33116340dac00004383ee7d88f7/?a=1128&br=4491&bt=1497&cr=3&cs=0&dr=0&ds=6&er=&l=202007110932040100140400322F9B6A1E&lr=all&mime_type=video_mp4&qs=0&rc=MzV3eGV3cjdrbzMzZWkzM0ApNWc2Njw7Z2RpN2c8aTdkPGdmZW0vbWBmZmJfLS1hLTBzczNeYDM0NmNfLi4uNDI0Y146Yw%3D%3D&vl=&vr=,'https://s.click.taobao.com/t?e=m%3D2%26s%3DqNA8aRu1ZhVw4vFB6t2Z2ueEDrYVVa64yK8Cckff7TVRAdhuF14FMQKtnR96ZEO%2BRitN3%2FurF3ygo4ckCI9nmRArOr895NZCZmeqMCTvL48AJ398%2BLwQh4z4rjZDGVMAZvaUc2lQNzH9R7R4oT9MLwOKb4RBvTUM4gAEq9KawJzvPw63siJT687AMx9cWAx%2BVAU1%2FavmXNboVY%2B2133Izc3LpV8PxofELDX7fgbbRgZCCZHO2wz56LMLuX8oI1TJNLX4pjPMa95I5xQGdra5ZcYl7w3%2FA2kb&union_lens=lensId:0b0b97cd_0be7_16d154eb168_1621&xId=O5fMq7zleaeycixPg5oABJXqCJlRNIrNcpjWF4rRILFrg6HvL1KDLMfVC0XjvEg976jWtNtYodILrzqCAu6tAW&union_lens=lensId:0b0fc015_0c11_16d154eb169_0ad3,','来自淘宝人气：344365,'7853942925,'6727537066009250564,,,112,6A,雷柏熹《愚蠢的人类》https://c.y.qq.com/base/fcgi-bin/u?__=HjjBww1 @QQ音乐
'19,'美兰Lan,'6725343277354077454,'你必须非常努力，才能看起来毫不费力#小紫钻眼霜 #美妆 @抖音小助手,'2019-08-15 18:46:47,'79240,'125,'49,'AUPRES/欧珀莱小紫钻时光锁抗皱紧实眼霜提拉紧致淡化细纹,'10710,'280,'1117823128,'101200185471,'http://v6-dy-x.ixigua.com/1cedff67df039e74c0aa972fd161ec6f/5f0924db/video/m/220f890d06cce3f4428a9bcbaa16af5145a116326c180000a8ffb979311b/?a=1128&br=3237&bt=1079&cr=3&cs=0&dr=0&ds=6&er=&l=202007110932060100140400372A99B673&lr=all&mime_type=video_mp4&qs=0&rc=am1xcWxwPDRtbzMzaWkzM0ApZTY7OWYzaGQ4N2dmZ2ZlO2dkNjYtZS9eZF5fLS0vLTBzczYvMzE0NjUzY14zNl4tMTA6Yw%3D%3D&vl=&vr=,'https://s.click.taobao.com/t?e=m%3D2%26s%3D9FkbKGmWtFtw4vFB6t2Z2ueEDrYVVa64yK8Cckff7TVRAdhuF14FMebpr43fEwuSlovu%2FCElQOugo4ckCI9nmRArOr895NZCZmeqMCTvL48AJ398%2BLwQh4z4rjZDGVMAdhrK5Q0DVkz6phsc3X0SNP1SarTXhIOTY%2BB6b2yaC%2B4cTNWtqRPez%2F7nyHmkoZi7BzxVN1fzyxBoTWB%2B9%2FYtSdMtvXBoP%2F8Im7mCYPNDvKSXwxfIS7TjS5EIiGF4IqgdIPgUSaeV582hhtE3qy9fAnEqY%2Bakgpmw&union_lens=lensId:0b832c69_0c1f_16c94e31a1b_83db&xId=Jop3olId9u8BCiMMVSVZMNUo2D0oxq0zPaiSyx6UXsZvsELTLdYl3AXbQ6Y5Ji8WYLptKYAW1cHc5khZx0Il1v&union_lens=lensId:0bb790e7_0cbc_16c94e31a1b_8f30,','来自淘宝人气：198910,'598031584345,'6725314430713744132,,,103,2B,SimorE《糸守に|京に（Guitar&Piano）》https://c.y.qq.com/base/fcgi-bin/u?__=YpIBwwS @QQ音乐
'20,'美兰Lan,'6723837117602024708,'你的丑，不是因为你的外表，而是源于你的内心！#美妆 @会化妆的包子,'2019-08-11 17:22:06,'8521,'62,'37,'小迷糊泡泡面膜有氧清洁控油保湿分区护理小气泡男女,'18,'79.9,'1117823128,'101200185471,'http://v6-dy-x.ixigua.com/fd42603ce9a61657244c8a1de9445654/5f0924df/video/m/220ba8a467190044b279a7ad1394fe0518311632990c00001a2445c5c71a/?a=1128&br=3360&bt=1120&cr=3&cs=0&dr=0&ds=6&er=&l=202007110932060100140400372A99B673&lr=all&mime_type=video_mp4&qs=0&rc=anhsaTh2aTp3bzMzOWkzM0ApNThpZTZlOTtoNzo7Zmk1OGdmaWpgcS5hcDRfLS1eLS9zc2A2MDYtYjQzXzQvXjZgLTM6Yw%3D%3D&vl=&vr=,'https://s.click.taobao.com/t?e=m%3D2%26s%3DstzxhjHhqS9w4vFB6t2Z2ueEDrYVVa64yK8Cckff7TVRAdhuF14FMZKumjyJu4N0xq3IhSJN6GSgo4ckCI9nmRArOr895NZCZmeqMCTvL48AJ398%2BLwQh4z4rjZDGVMA9ZhC2mTLOUU67BoKqFuO1v1SarTXhIOTY%2BB6b2yaC%2B4cTNWtqRPez%2F7nyHmkoZi7hRXwC8yVK5ErfcVa2Rnib9MtvXBoP%2F8Im7mCYPNDvKSXwxfIS7TjS5EIiGF4IqgdIPgUSaeV582hhtE3qy9fAnEqY%2Bakgpmw&union_lens=lensId:0bb698e5_0d3f_16d95a83eb4_56bd&xId=AYUEc3hbJHMYWzDRSa4i5HCnwU6sdf199ca3l3OQUIksc1oISBmD9e4cmlI0RiimfyrWffTvBcXzEpLTo6tKfW&union_lens=lensId:0b1b4ba8_0c57_16d95a83eb5_9ee4,','来自淘宝人气：868233,'598911222315,'6723825492803455747,,,94,12A,2NE1 (??? ?)的《Fire (Acapella Version)》 https://c.y.qq.com/base/fcgi-bin/u?__=DFhvwwR
'21,'美兰Lan,'6723499079722224900,'闺蜜，就是要拿来保护的！#美妆 #闺蜜 @颜夕子,'2019-08-10 19:30:22,'12567,'73,'36,'HEDONE内心戏腮红高光一体正品裸妆自然晒红女元气橘色自然膏状,'1844,'85,'1117823128,'101200185471,'http://v6-dy-x.ixigua.com/4c93052dd3bc4d018d22c667f2a6a570/5f0924d4/video/m/220d72ffd3b9e2a4d2b8fb6e57d62ee58c611632baea00002991ff7940f4/?a=1128&br=3357&bt=1119&cr=3&cs=0&dr=0&ds=6&er=&l=202007110932060100140400372A99B673&lr=all&mime_type=video_mp4&qs=0&rc=M3VnczRoZ2VkbzMzZ2kzM0ApOTtpZzQ7Mzs4NzhlOzllaWdrZy5pLXJqZzRfLS0wLTBzczJfYDJgXjMzYDY1XzIuMmE6Yw%3D%3D&vl=&vr=,'https://s.click.taobao.com/t?e=m%3D2%26s%3DB0eTTCY4ifVw4vFB6t2Z2ueEDrYVVa64yK8Cckff7TVRAdhuF14FMRgh6UtRmx5a79%2FTFaMDK6Sgo4ckCI9nmRArOr895NZCZmeqMCTvL48AJ398%2BLwQh4z4rjZDGVMA3AH%2B%2FtbjUKvEX1hlZoQF%2B%2F1SarTXhIOTY%2BB6b2yaC%2B4cTNWtqRPez%2F7nyHmkoZi7UPXfdDmI0qBG9KKSrfMLaNMtvXBoP%2F8Im7mCYPNDvKSXwxfIS7TjS5EIiGF4IqgdIPgUSaeV582hhtE3qy9fAnEqY%2Bakgpmw&union_lens=lensId:0b0b6072_0c93_16d921edcbc_e56f&xId=VBr0jk9KNQMnKKtt2IXbRcHyYtqs7Ll1gcI5UX2tdU0mtK4hMVIN7OZPvHSAfFXvM9jqa96G2t3KByg2AREPWl&union_lens=lensId:0b846fb7_0ca1_16d921edcbf_3931,','来自淘宝人气：899593,'593715213601,'6723480395968547591,,,94,9A,韩国群星 (Korea Various Artists)的《Sad Romance (Violin ver.)》https://c.y.qq.com/base/fcgi-bin/u?__=nY0vwwE
'22,'美兰Lan,'6722736887427075331,'好脾气不是好欺负，欺负我必定怼回去！#美妆 #灭火式防晒挑战 @Mistine,'2019-08-08 18:12:42,'63549,'311,'327,'泰国Mistine防晒喷雾霜防紫外线隔离推荐spf50小黄喷学生党女清爽,'18426,'69,'1117823128,'101200185471,'http://v6-dy-x.ixigua.com/c17857ec0abb9aee37b16cb45c38f28b/5f0924d2/video/m/220de3ff5b76799443da597fc4f5f2b8162116325c300000149458c04565/?a=1128&br=3576&bt=1192&cr=3&cs=0&dr=0&ds=6&er=&l=202007110932060100140400372A99B673&lr=all&mime_type=video_mp4&qs=0&rc=amp1eXc8bzR5bzMzNmkzM0ApO2VlZWQ6NDw7NzRkZzk4Omc0cG1yZ2RiXzJfLS01LS9zcy1eNmMzLS82YDMyX15gYTQ6Yw%3D%3D&vl=&vr=,'https://s.click.taobao.com/t?e=m%3D2%26s%3DDZwGpfq8p%2Fpw4vFB6t2Z2ueEDrYVVa64yK8Cckff7TVRAdhuF14FMZCN7%2Bg2VH5p1aH1Hk3GeOigo4ckCI9nmRArOr895NZCZmeqMCTvL48AJ398%2BLwQh4z4rjZDGVMAZFWb6zIJuRL9YROvGQ4YMv1SarTXhIOTrhzfEh3ilxbYR16Frqer%2F9kYvQZuIwx3oGeIQL4Fi9FtOMJ7t3S1Dl7at%2BSmghQlk8JK01RBLHZtu84DtRxauk9RNdF9PG1054D9O%2FIWQ4%2BVlMEqA3PwTyB4b8xwNKLSxg5p7bh%2BFbQ%3D&union_lens=lensId:0b153bbd_0be4_16cd7b3700a_e693&xId=SfoGfumHSKv6akpEdTbgf5bIiZsWtNGl4VOOJKbYsO096NEUqVzqCvqkuSfXrf1wGvM9SXzPIwmP296dpeDv1o&union_lens=lensId:0b0f5f4d_0cf4_16cd7b3700a_4821,','来自淘宝人气：146966,'535022209458,'6722732371159878413,,,100,9A,"Pink Martini的《Donde Estas, Yolanda》https://c.y.qq.com/base/fcgi-bin/u?__=liJvwwA"
'23,'美兰Lan,'6721971675677641988,'希望大家都有甜甜的爱情，七夕快乐哦#美妆 #七夕鹊实喜欢你 @会化妆的包子,'2019-08-06 17:10:02,'8157,'52,'23,'HEDONE内心戏镜面唇釉玻璃水光唇蜜口红一克喜欢半熟期待果汁唇油,'36664,'85,'1117823128,'101200185471,'http://v6-dy-x.ixigua.com/a2d844f5f64869891cffbde62734ea2b/5f0924d7/video/m/220b9a9322ee8ab41419a19aed6e76ab76e11631510800006a5014fdbac0/?a=1128&br=3093&bt=1031&cr=3&cs=0&dr=0&ds=6&er=&l=202007110932060100140400372A99B673&lr=all&mime_type=video_mp4&qs=0&rc=ajt3ZGVneTdubzMzOWkzM0ApZzpnaDw8ZztlNzQ8NmY4NmdgMmU0NGlyNDFfLS0yLS9zczVgNi8wXi4uYDRjMi1iXmA6Yw%3D%3D&vl=&vr=,'https://s.click.taobao.com/t?e=m%3D2%26s%3DxTsDVhk%2BuQtw4vFB6t2Z2ueEDrYVVa64yK8Cckff7TVRAdhuF14FMU9RI7cBOoZ5RitN3%2FurF3ygo4ckCI9nmRArOr895NZCZmeqMCTvL48AJ398%2BLwQh4z4rjZDGVMA3AH%2B%2FtbjUKvEX1hlZoQF%2B%2F1SarTXhIOTY%2BB6b2yaC%2B4cTNWtqRPez%2F7nyHmkoZi79IE6tILtE8BZFSug8cI33NMtvXBoP%2F8Im7mCYPNDvKSXwxfIS7TjS5EIiGF4IqgdIPgUSaeV582hhtE3qy9fAnEqY%2Bakgpmw&union_lens=lensId:0b0b6072_0c93_16d9512ab85_0509&xId=ovUAOKVquGrz0R5fmjfgZzjmW6eE7mQkv04niSodCUQmipoof6Ejn9bEFNExJIFkhckOr93ePPu2ripTR4HKgu&union_lens=lensId:0b0fc015_0c11_16d9512ab85_3a79,'https://uland.taobao.com/coupon/edetail?e=KESC172ZiZAGQASttHIRqVD85eMYe0f0E53XViAg7Y%2F2oFX1XtpywYUxDakcsl21QiXkodPAUWZJuYKLk95oBXt9FBmzVyrLNqlX6WMFrEwXDeHFYFDhNbgYcl6ppmbB77OZi1CaWIp%2BMcw1PGxgpDEhJpUUrcnY0XgA0FWhMYrdyxJOMGkWr8Rlqw%2FTjW%2BQLspxGy3zBjYhRMWfqQsYh9VqM6BWlz38UdqUaKn4GrnbJhO3sBP68upIgjs5ZnwAsCrH11z0xkA%3D&traceId=0b0b459115701640917324360e&union_lens=lensId:0b0b6072_0c93_16d9512ab85_0509&xId=ovUAOKVquGrz0R5fmjfgZzjmW6eE7mQkv04niSodCUQmipoof6Ejn9bEFNExJIFkhckOr93ePPu2ripTR4HKgu&union_lens=lensId:0b0fc015_0c11_16d9512ab85_3a79,'来自淘宝人气：4058117,'593673411246,'6721961402338233100,,,83,12A,花上悴 (はなざわ かな)《恋邾旦`キュレ`ション (恋爱循环)》(《化物语》TV动画片头曲) https://c.y.qq.com/base/fcgi-bin/u?__=jElvwwR
'24,'美兰Lan,'6721127292308966664,'上班当然可以化妆，哼！@会化妆的包子 #美妆 #七夕鹊实喜欢你,'2019-08-04 17:21:05,'74542,'151,'141,'HEDONE眼影盘玫瑰香槟烟熏金箔眼影盘ins超火便携珠光bling闪粉,'3144,'109,'1117823128,'101200185471,'http://v6-dy-x.ixigua.com/4d440809fdab3b7282cb8a315a64be14/5f0924d1/video/m/220e216d459c878408fae7994297601632511630e5a40000919595a79d15/?a=1128&br=3393&bt=1131&cr=3&cs=0&dr=0&ds=6&er=&l=202007110932060100140400372A99B673&lr=all&mime_type=video_mp4&qs=0&rc=anU1aDN5eXdkbzMzNGkzM0ApZzc8OTRnaDxoN2U7aTZnOWdjZGczZHEwMzBfLS0yLTBzcy0zMmM2LjBeYDAxYzMuNDQ6Yw%3D%3D&vl=&vr=,'https://s.click.taobao.com/t?e=m%3D2%26s%3DXoX33CGLOidw4vFB6t2Z2ueEDrYVVa64yK8Cckff7TVRAdhuF14FMeX%2FC76KnADkJ1gyddu7kN%2Bgo4ckCI9nmRArOr895NZCZmeqMCTvL48AJ398%2BLwQh4z4rjZDGVMA3AH%2B%2FtbjUKvEX1hlZoQF%2B%2F1SarTXhIOTY%2BB6b2yaC%2B4cTNWtqRPez%2F7nyHmkoZi7a%2BGgOzY7UHJppvCGbenQ59MtvXBoP%2F8Im7mCYPNDvKSXwxfIS7TjS5EIiGF4IqgdIPgUSaeV582hhtE3qy9fAnEqY%2Bakgpmw&union_lens=lensId:0b01e6c4_0bd8_16d9bab5749_5e17&xId=1jRqvHp1P2drMHmyKp17ZVlYNOjEZRILt2E0HauPQLdU5GddgWwWxavDXfx8owhMvVKYDMUQvWkFE9KKhNFmYE&union_lens=lensId:0b1b4ba8_0c57_16d9bab5749_b8a0,'https://uland.taobao.com/coupon/edetail?e=jqI%2FWdb9cRcGQASttHIRqe%2BoI0UBbjFJQuFq3vLjHgH2oFX1XtpywYUxDakcsl21QiXkodPAUWZJuYKLk95oBXt9FBmzVyrLNqlX6WMFrEwXDeHFYFDhNbgYcl6ppmbB77OZi1CaWIp%2BMcw1PGxgpDEhJpUUrcnY0XgA0FWhMYrdyxJOMGkWr8Rlqw%2FTjW%2BQLspxGy3zBjYhRMWfqQsYh9VqM6BWlz38UdqUaKn4GrnbJhO3sBP68upIgjs5ZnwAj%2FoPvzpaIpg%3D&traceId=0b09301b15702747604443663e&union_lens=lensId:0b01e6c4_0bd8_16d9bab5749_5e17&xId=1jRqvHp1P2drMHmyKp17ZVlYNOjEZRILt2E0HauPQLdU5GddgWwWxavDXfx8owhMvVKYDMUQvWkFE9KKhNFmYE&union_lens=lensId:0b1b4ba8_0c57_16d9bab5749_b8a0,'来自淘宝人气：1329896,'595223360525,'6721207865534581516,,,98,9A,Henry Mancini and His Orchestra的《The Pink Panther Theme (Remaster)》 https://c.y.qq.com/base/fcgi-bin/u?__=PdGRww1
'25,'美兰Lan,'6720208531330436360,'这种白莲花博取同情，我该怎么办？#美妆 @芭娜娜Ace @韩怼怼,'2019-08-02 17:03:01,'182812,'1440,'444,'【官方直营】完美日记 探险家十二色眼影,'36328,'119.9,'1117823128,'101200185471,'http://v6-dy-x.ixigua.com/4f2c73d39ea72b4f254aa789acf705d5/5f0924c6/video/m/2208c8a0e3d40f8451aa4a8d63e57c8bb3a11631311a00003f56c6aa5c34/?a=1128&br=3825&bt=1275&cr=3&cs=0&dr=0&ds=6&er=&l=202007110932060100140400372A99B673&lr=all&mime_type=video_mp4&qs=0&rc=amZvc3gzc2R5bzMzM2kzM0ApOzNkNzk4ZmU4NzdpMzhpZmcvb3BecHAxbC5fLS1eLS9zczYtM18uMGIuMGE2MjEtMS86Yw%3D%3D&vl=&vr=,'https://haohuo.jinritemai.com/views/product/item2?id=3337607839844813825&origin_type=2002001000&origin_id=6720208531330436360_3337939908756305214&alkey=1128_101200185471_6720208531330436360_3337939908756305214_011,','来自小店人气：1392515,'3337607839844813825,'6720462073232493324,,,134,12A,Classical Artists的《匈牙利舞曲 (Brahms Hungarian Dance No.5)》 https://c.y.qq.com/base/fcgi-bin/u?__=tOJRwwy
'26,'美兰Lan,'6720063939129986312,'渣男的惯用手段！七夕和谁过去了？#美妆 @颜夕子 #七夕鹊实喜欢你,'2019-08-01 17:27:14,'52134,'116,'179,'HEDONE内心戏镜面唇釉玻璃水光唇蜜口红一克喜欢半熟期待果汁唇油,'36664,'85,'1117823128,'101200185471,'http://v6-dy-x.ixigua.com/5c3b50e017f968a178f659fc05e03a32/5f0924d6/video/m/2206df5a8b633234bd084113c440e4001ea1163028a50000a58840a528ad/?a=1128&br=3516&bt=1172&cr=3&cs=0&dr=0&ds=6&er=&l=202007110932060100140400372A99B673&lr=all&mime_type=video_mp4&qs=0&rc=M2w8cXhrb3JkbzMzNWkzM0ApOjs6PDs0N2RmNzxnOmc5O2dkby4zYTYycy5fLS1hLTBzcy9jMC0tMi5eXzMtNC5gYTE6Yw%3D%3D&vl=&vr=,'https://s.click.taobao.com/t?e=m%3D2%26s%3DxTsDVhk%2BuQtw4vFB6t2Z2ueEDrYVVa64yK8Cckff7TVRAdhuF14FMU9RI7cBOoZ5RitN3%2FurF3ygo4ckCI9nmRArOr895NZCZmeqMCTvL48AJ398%2BLwQh4z4rjZDGVMA3AH%2B%2FtbjUKvEX1hlZoQF%2B%2F1SarTXhIOTY%2BB6b2yaC%2B4cTNWtqRPez%2F7nyHmkoZi79IE6tILtE8BZFSug8cI33NMtvXBoP%2F8Im7mCYPNDvKSXwxfIS7TjS5EIiGF4IqgdIPgUSaeV582hhtE3qy9fAnEqY%2Bakgpmw&union_lens=lensId:0b0b6072_0c93_16d9512ab85_0509&xId=ovUAOKVquGrz0R5fmjfgZzjmW6eE7mQkv04niSodCUQmipoof6Ejn9bEFNExJIFkhckOr93ePPu2ripTR4HKgu&union_lens=lensId:0b0fc015_0c11_16d9512ab85_3a79,'https://uland.taobao.com/coupon/edetail?e=KESC172ZiZAGQASttHIRqVD85eMYe0f0E53XViAg7Y%2F2oFX1XtpywYUxDakcsl21QiXkodPAUWZJuYKLk95oBXt9FBmzVyrLNqlX6WMFrEwXDeHFYFDhNbgYcl6ppmbB77OZi1CaWIp%2BMcw1PGxgpDEhJpUUrcnY0XgA0FWhMYrdyxJOMGkWr8Rlqw%2FTjW%2BQLspxGy3zBjYhRMWfqQsYh9VqM6BWlz38UdqUaKn4GrnbJhO3sBP68upIgjs5ZnwAsCrH11z0xkA%3D&traceId=0b0b459115701640917324360e&union_lens=lensId:0b0b6072_0c93_16d9512ab85_0509&xId=ovUAOKVquGrz0R5fmjfgZzjmW6eE7mQkv04niSodCUQmipoof6Ejn9bEFNExJIFkhckOr93ePPu2ripTR4HKgu&union_lens=lensId:0b0fc015_0c11_16d9512ab85_3a79,'来自淘宝人气：4058117,'593673411246,'6720064109506857732,,,119,6A,石I翔 (いしはま かける)的《\にz憾ながら、知り合い？ (非常遗憾，我们认识吗？)》，听听看 https://c.y.qq.com/base/fcgi-bin/u?__=SdxKwwz
'27,'美兰Lan,'6719237238418410756,'今天又是被迫见奇葩的一天……#美妆 #相亲 @抖音小助手,'2019-07-30 17:17:26,'13151,'102,'43,'HEDONE内心戏镜面唇釉玻璃水光唇蜜口红一克喜欢半熟期待果汁唇油,'36664,'85,'1117823128,'101200185471,'http://v5-dy-d.ixigua.com/e0964bfe60b10f1051fca7035fab6155/5f0924d2/video/m/2203bc7b45bd08242cdad3d4fb5bc22e77f1163032b10000412de2592547/?a=1128&br=3309&bt=1103&cr=3&cs=0&dr=0&ds=6&er=&l=202007110932070100190171480A9A0961&lr=all&mime_type=video_mp4&qs=0&rc=ajQzdnZ0NzczbzMzaGkzM0ApZmU2ZjNmZDs2N2k4ZTlnZmdwMHJzX3Fyai1fLS02LS9zc18tLl9gMy5iLmAxXi42MV46Yw%3D%3D&vl=&vr=,'https://s.click.taobao.com/t?e=m%3D2%26s%3DxTsDVhk%2BuQtw4vFB6t2Z2ueEDrYVVa64yK8Cckff7TVRAdhuF14FMU9RI7cBOoZ5RitN3%2FurF3ygo4ckCI9nmRArOr895NZCZmeqMCTvL48AJ398%2BLwQh4z4rjZDGVMA3AH%2B%2FtbjUKvEX1hlZoQF%2B%2F1SarTXhIOTY%2BB6b2yaC%2B4cTNWtqRPez%2F7nyHmkoZi79IE6tILtE8BZFSug8cI33NMtvXBoP%2F8Im7mCYPNDvKSXwxfIS7TjS5EIiGF4IqgdIPgUSaeV582hhtE3qy9fAnEqY%2Bakgpmw&union_lens=lensId:0b0b6072_0c93_16d9512ab85_0509&xId=ovUAOKVquGrz0R5fmjfgZzjmW6eE7mQkv04niSodCUQmipoof6Ejn9bEFNExJIFkhckOr93ePPu2ripTR4HKgu&union_lens=lensId:0b0fc015_0c11_16d9512ab85_3a79,'https://uland.taobao.com/coupon/edetail?e=KESC172ZiZAGQASttHIRqVD85eMYe0f0E53XViAg7Y%2F2oFX1XtpywYUxDakcsl21QiXkodPAUWZJuYKLk95oBXt9FBmzVyrLNqlX6WMFrEwXDeHFYFDhNbgYcl6ppmbB77OZi1CaWIp%2BMcw1PGxgpDEhJpUUrcnY0XgA0FWhMYrdyxJOMGkWr8Rlqw%2FTjW%2BQLspxGy3zBjYhRMWfqQsYh9VqM6BWlz38UdqUaKn4GrnbJhO3sBP68upIgjs5ZnwAsCrH11z0xkA%3D&traceId=0b0b459115701640917324360e&union_lens=lensId:0b0b6072_0c93_16d9512ab85_0509&xId=ovUAOKVquGrz0R5fmjfgZzjmW6eE7mQkv04niSodCUQmipoof6Ejn9bEFNExJIFkhckOr93ePPu2ripTR4HKgu&union_lens=lensId:0b0fc015_0c11_16d9512ab85_3a79,'来自淘宝人气：4058117,'593673411246,'6719291967559305998,,,79,4A,韩国原声带 (Korean Original Soundtrack)的《???. ??? ?? (中国餐馆. 最后的晚餐)》 https://c.y.qq.com/base/fcgi-bin/u?__=FhiRwwp
'28,'美兰Lan,'6716156866528955659,'你们猜猜，我到底有多少位老板#美妆 #我为无邪君打call @抖音小助手,'2019-07-22 17:31:13,'16679,'38,'72,'HEDONE内心戏镜面唇釉玻璃水光唇蜜口红一克喜欢半熟期待果汁唇油,'36664,'85,'1117823128,'101200185471,'http://v5-dy-d.ixigua.com/9bd3234ce7cc4e36e906b1889486757b/5f0924c7/video/m/2208f2b7602860d464582f8db4f752e5dd81162f68ca00004a4a1f84513c/?a=1128&br=2760&bt=920&cr=3&cs=0&dr=0&ds=6&er=&l=202007110932070100190171480A9A0961&lr=all&mime_type=video_mp4&qs=0&rc=MzVubTVlZ21ybjMzN2kzM0ApZzw7aTxpZmQ0N2k2NTQ2aWctLXFvcXNfMW5fLS1gLTBzcy8wLy8yYjEvYDU0NjRhNS86Yw%3D%3D&vl=&vr=,'https://s.click.taobao.com/t?e=m%3D2%26s%3DxTsDVhk%2BuQtw4vFB6t2Z2ueEDrYVVa64yK8Cckff7TVRAdhuF14FMU9RI7cBOoZ5RitN3%2FurF3ygo4ckCI9nmRArOr895NZCZmeqMCTvL48AJ398%2BLwQh4z4rjZDGVMA3AH%2B%2FtbjUKvEX1hlZoQF%2B%2F1SarTXhIOTY%2BB6b2yaC%2B4cTNWtqRPez%2F7nyHmkoZi79IE6tILtE8BZFSug8cI33NMtvXBoP%2F8Im7mCYPNDvKSXwxfIS7TjS5EIiGF4IqgdIPgUSaeV582hhtE3qy9fAnEqY%2Bakgpmw&union_lens=lensId:0b0b6072_0c93_16d9512ab85_0509&xId=ovUAOKVquGrz0R5fmjfgZzjmW6eE7mQkv04niSodCUQmipoof6Ejn9bEFNExJIFkhckOr93ePPu2ripTR4HKgu&union_lens=lensId:0b0fc015_0c11_16d9512ab85_3a79,'https://uland.taobao.com/coupon/edetail?e=KESC172ZiZAGQASttHIRqVD85eMYe0f0E53XViAg7Y%2F2oFX1XtpywYUxDakcsl21QiXkodPAUWZJuYKLk95oBXt9FBmzVyrLNqlX6WMFrEwXDeHFYFDhNbgYcl6ppmbB77OZi1CaWIp%2BMcw1PGxgpDEhJpUUrcnY0XgA0FWhMYrdyxJOMGkWr8Rlqw%2FTjW%2BQLspxGy3zBjYhRMWfqQsYh9VqM6BWlz38UdqUaKn4GrnbJhO3sBP68upIgjs5ZnwAsCrH11z0xkA%3D&traceId=0b0b459115701640917324360e&union_lens=lensId:0b0b6072_0c93_16d9512ab85_0509&xId=ovUAOKVquGrz0R5fmjfgZzjmW6eE7mQkv04niSodCUQmipoof6Ejn9bEFNExJIFkhckOr93ePPu2ripTR4HKgu&union_lens=lensId:0b0fc015_0c11_16d9512ab85_3a79,'来自淘宝人气：4058117,'593673411246,'6716403433223785220,,,96,4B,??? (J.Bass)/?? (尹音)/?? (Tako)的《??? (迷上)》https://c.y.qq.com/base/fcgi-bin/u?__=X5QxwwC
'29,'美兰Lan,'6715942836354747659,'有心思用小伎俩，不如多花心思好好工作！#美妆,'2019-07-21 18:05:44,'19818,'39,'76,'HEDONE内心戏镜面唇釉玻璃水光唇蜜口红一克喜欢半熟期待果汁唇油,'36664,'85,'1117823128,'101200185471,'http://v5-dy-d.ixigua.com/d16ba1cb5abdf5ebb4114cce152bf7f0/5f0924cc/video/m/220af69f3dc43aa48d89ffb0049c9682fc41162f64b200003f1ad7bcd100/?a=1128&br=3315&bt=1105&cr=3&cs=0&dr=0&ds=6&er=&l=202007110932070100190171480A9A0961&lr=all&mime_type=video_mp4&qs=0&rc=amd0N3hkdHI2bjMzZ2kzM0ApNGk2ZTk2PGVkN2RoaDhnaWc1Z21ib3MuZW5fLS0xLTBzc2NeMl8tXjNhNF5iX14wXi06Yw%3D%3D&vl=&vr=,'https://s.click.taobao.com/t?e=m%3D2%26s%3DxTsDVhk%2BuQtw4vFB6t2Z2ueEDrYVVa64yK8Cckff7TVRAdhuF14FMU9RI7cBOoZ5RitN3%2FurF3ygo4ckCI9nmRArOr895NZCZmeqMCTvL48AJ398%2BLwQh4z4rjZDGVMA3AH%2B%2FtbjUKvEX1hlZoQF%2B%2F1SarTXhIOTY%2BB6b2yaC%2B4cTNWtqRPez%2F7nyHmkoZi79IE6tILtE8BZFSug8cI33NMtvXBoP%2F8Im7mCYPNDvKSXwxfIS7TjS5EIiGF4IqgdIPgUSaeV582hhtE3qy9fAnEqY%2Bakgpmw&union_lens=lensId:0b0b6072_0c93_16d9512ab85_0509&xId=ovUAOKVquGrz0R5fmjfgZzjmW6eE7mQkv04niSodCUQmipoof6Ejn9bEFNExJIFkhckOr93ePPu2ripTR4HKgu&union_lens=lensId:0b0fc015_0c11_16d9512ab85_3a79,'https://uland.taobao.com/coupon/edetail?e=KESC172ZiZAGQASttHIRqVD85eMYe0f0E53XViAg7Y%2F2oFX1XtpywYUxDakcsl21QiXkodPAUWZJuYKLk95oBXt9FBmzVyrLNqlX6WMFrEwXDeHFYFDhNbgYcl6ppmbB77OZi1CaWIp%2BMcw1PGxgpDEhJpUUrcnY0XgA0FWhMYrdyxJOMGkWr8Rlqw%2FTjW%2BQLspxGy3zBjYhRMWfqQsYh9VqM6BWlz38UdqUaKn4GrnbJhO3sBP68upIgjs5ZnwAsCrH11z0xkA%3D&traceId=0b0b459115701640917324360e&union_lens=lensId:0b0b6072_0c93_16d9512ab85_0509&xId=ovUAOKVquGrz0R5fmjfgZzjmW6eE7mQkv04niSodCUQmipoof6Ejn9bEFNExJIFkhckOr93ePPu2ripTR4HKgu&union_lens=lensId:0b0fc015_0c11_16d9512ab85_3a79,'来自淘宝人气：4058117,'593673411246,'6716023929263246083,,,110,4B,大野克夫 (おおの かつお)《「名探丧偿圣蟆~メインテ`マ》 https://c.y.qq.com/base/fcgi-bin/u?__=LHrKwwm
'30,'美兰Lan,'6715013521345629453,'姐妹们一点要保护好自己，家b绝对0容忍！#美妆 @颜夕子,'2019-07-19 17:17:24,'41449,'135,'170,'HEDONE内心戏镜面唇釉玻璃水光唇蜜口红一克喜欢半熟期待果汁唇油,'36664,'85,'1117823128,'101200185471,'http://v5-dy-d.ixigua.com/1d7d67cd070f054a1cb2ef8561992983/5f0924d4/video/m/220f4ed81c728fc466f8e7f38464ce677ac1162ed3f2000030cefc20f736/?a=1128&br=2844&bt=948&cr=3&cs=0&dr=0&ds=6&er=&l=202007110932070100190171480A9A0961&lr=all&mime_type=video_mp4&qs=0&rc=ajhxNnM6cTRybjMzN2kzM0ApaTQ1ZjxkNDxlN2Q0OmY1M2dyaWVfbC1zaWxfLS0zLTBzczYyMDZjLV8tLzJeL2NhXy86Yw%3D%3D&vl=&vr=,'https://s.click.taobao.com/t?e=m%3D2%26s%3DxTsDVhk%2BuQtw4vFB6t2Z2ueEDrYVVa64yK8Cckff7TVRAdhuF14FMU9RI7cBOoZ5RitN3%2FurF3ygo4ckCI9nmRArOr895NZCZmeqMCTvL48AJ398%2BLwQh4z4rjZDGVMA3AH%2B%2FtbjUKvEX1hlZoQF%2B%2F1SarTXhIOTY%2BB6b2yaC%2B4cTNWtqRPez%2F7nyHmkoZi79IE6tILtE8BZFSug8cI33NMtvXBoP%2F8Im7mCYPNDvKSXwxfIS7TjS5EIiGF4IqgdIPgUSaeV582hhtE3qy9fAnEqY%2Bakgpmw&union_lens=lensId:0b0b6072_0c93_16d9512ab85_0509&xId=ovUAOKVquGrz0R5fmjfgZzjmW6eE7mQkv04niSodCUQmipoof6Ejn9bEFNExJIFkhckOr93ePPu2ripTR4HKgu&union_lens=lensId:0b0fc015_0c11_16d9512ab85_3a79,'https://uland.taobao.com/coupon/edetail?e=KESC172ZiZAGQASttHIRqVD85eMYe0f0E53XViAg7Y%2F2oFX1XtpywYUxDakcsl21QiXkodPAUWZJuYKLk95oBXt9FBmzVyrLNqlX6WMFrEwXDeHFYFDhNbgYcl6ppmbB77OZi1CaWIp%2BMcw1PGxgpDEhJpUUrcnY0XgA0FWhMYrdyxJOMGkWr8Rlqw%2FTjW%2BQLspxGy3zBjYhRMWfqQsYh9VqM6BWlz38UdqUaKn4GrnbJhO3sBP68upIgjs5ZnwAsCrH11z0xkA%3D&traceId=0b0b459115701640917324360e&union_lens=lensId:0b0b6072_0c93_16d9512ab85_0509&xId=ovUAOKVquGrz0R5fmjfgZzjmW6eE7mQkv04niSodCUQmipoof6Ejn9bEFNExJIFkhckOr93ePPu2ripTR4HKgu&union_lens=lensId:0b0fc015_0c11_16d9512ab85_3a79,'来自淘宝人气：4058117,'593673411246,'6715256634341509891,,,80,12A,大野克夫 (おおの かつお)《「名探丧偿圣蟆~メインテ`マ》 https://c.y.qq.com/base/fcgi-bin/u?__=LHrKwwm
'31,'美兰Lan,'6708372197754293515,'这种人，应该叫____姐妹？#美妆 #家乡的变化 @抖音小助手,'2019-07-01 16:53:47,'13027,'83,'42,'【官方直营】 完美日记 九色眼影盘,'8070,'99.9,'1117823128,'101200185471,'http://v26-dy.ixigua.com/4d175bf09e8fd013346436f80861e38f/5f0924d5/video/m/22033961be419da4647a5745cef7a2a73ac1162bebde00006e6c325c0f58/?a=1128&br=3333&bt=1111&cr=3&cs=0&dr=0&ds=6&er=&l=20200711093209010019017050009AB901&lr=all&mime_type=video_mp4&qs=0&rc=anF2NnM5c3l2bjMzZ2kzM0ApaGc5Njw5ODxoN2g5Z2Q7M2duZjJhcy1pZ2BfLS0wLS9zczIuXzVjYDQwYF4xY2M2Nl46Yw%3D%3D&vl=&vr=,'https://haohuo.jinritemai.com/views/product/item2?id=3335032532373789506&origin_type=2002001000&origin_id=6708372197754293515_3336889173578917916&alkey=1128_101200185471_6708372197754293515_3336889173578917916_011,','来自小店人气：759014,'3335032532373789506,'6708549991394265864,,,143,4B,
'32,'美兰Lan,'6707595330969423118,'同事最近越来越不正常，今天终于明白了……#美妆 @抖音小助手,'2019-06-29 16:55:53,'11672,'119,'84,'COCOVEL香氛沐浴露持久留香女香体香水全身沐浴乳液家庭装大容量,'10962,'49.8,'1117823128,'101200185471,'http://v26-dy.ixigua.com/8d7500b108690763fa9afe31ef9f9020/5f0924da/video/m/220c90c3be588ef4fbe9d6c19102a18a7411162ba7e800001d25be3a376e/?a=1128&br=3612&bt=1204&cr=3&cs=0&dr=0&ds=6&er=&l=20200711093209010019017050009AB901&lr=all&mime_type=video_mp4&qs=0&rc=M3Q8bWxoM2ZsbjMzNmkzM0ApOzU2OmQ6OGVlNzhoOGU8NGc1X3NtaGQzYl9fLS1gLTBzczQvNC8vLmE2NTVeY15jLy46Yw%3D%3D&vl=&vr=,'https://s.click.taobao.com/t?e=m%3D2%26s%3DhxJq0Afj%2F6xw4vFB6t2Z2ueEDrYVVa64yK8Cckff7TVRAdhuF14FMeHOUR4BObPh8sviUM61dt2go4ckCI9nmRArOr895NZCZmeqMCTvL48AJ398%2BLwQh4z4rjZDGVMAbRVO60COMjz5i%2B3KLlELdP1SarTXhIOTM0D3Mt2yGyn1%2BsKDLau9rszWW2ANozicmmqCPgO86J4m%2BBUS%2Bsp%2BO0C0Lao9jUAjO0KtyLFb4ki6T3Avo8XAcCGFCzYOOqAQ&union_lens=lensId:0b8348ee_0c68_16bff411140_bbf4,'https://uland.taobao.com/coupon/edetail?e=uzKH5sTtVG88Clx5mXPEKlPk3o70DyYSxC%2B4M8ItoHd4Fw%2B2w0lNoGQ42y3%2FLfDzzCjcuZqYKjFvAYNypJs2ogck2kpPz9mwGGo2M2D1P3XLEM0YD6XIZFH5SAQB%2BM5n55JFqa%2FWglkM1L%2FmEra8u79fwBwwUiqlYnuI9nCWbBfYhpVVy38fp6zroKjs8vldxfFlZSCevABFm6kqvHEPLt3FyhOE4Yhfz6v0aE56ZeQ%3D&traceId=0b14d5fc15633555827297406e&union_lens=lensId:0b8348ee_0c68_16bff411140_bbf4,'来自淘宝人气：3718721,'44933554585,'6707832693570243341,,,149,4B,大野克夫 (おおの かつお)《「名探丧偿圣蟆~メインテ`マ》 https://c.y.qq.com/base/fcgi-bin/u?__=LHrKwwm
'33,'美兰Lan,'6706008744100154627,'遇到帅哥，当然主动去撩！#美妆 #我与土地的故事 @电商小助手,'2019-06-24 17:17:45,'10186,'68,'64,'【官方直营】 完美日记 九色眼影盘,'8070,'99.9,'1117823128,'101200185471,'http://v26-dy.ixigua.com/2c93b697d14e24091b422651b031a86c/5f0924d2/video/m/220d02b35faae8a46dda2434024ce8b8bfa1162a774500001e9b0967ebb1/?a=1128&br=3609&bt=1203&cr=3&cs=0&dr=0&ds=6&er=&l=20200711093209010019017050009AB901&lr=all&mime_type=video_mp4&qs=0&rc=M3k4bG86eDU8bjMzaGkzM0ApaWg6Zzo2NztlNztkZztnNGdjNTZyaWptXjVfLS0tLS9zc2FjMWBfMS8wLzUyLzJfYDI6Yw%3D%3D&vl=&vr=,'https://haohuo.jinritemai.com/views/product/item2?id=3335032532373789506&origin_type=2002001000&origin_id=6706008744100154627_3336889173578917916&alkey=1128_101200185471_6706008744100154627_3336889173578917916_011,','来自小店人气：759014,'3335032532373789506,'6705975632750234376,,,104,5A,Jessie J/Ariana Grande/Nicki Minaj《Bang Bang》(《完美音调2》电影插曲|2014年维多利亚的秘密秀秀场音乐) https://c.y.qq.com/base/fcgi-bin/u?__=kgtJww0
'34,'美兰Lan,'6705155628010163467,'攀比大会？有我不用怕！#美妆 #全民节能你我同行 @电商小助手,'2019-06-22 17:31:54,'13721,'22,'59,'HEDONE内心戏腮红高光一体正品裸妆自然晒红女元气橘色自然膏状,'1844,'85,'1117823128,'101200185471,'http://v26-dy.ixigua.com/bf07749fc865ede4200615989fbac5e9/5f0924cf/video/m/220345c81a9e2c44d5dad1e762e83fafd6d1162a2a9000008954e5fe22d3/?a=1128&br=3237&bt=1079&cr=3&cs=0&dr=0&ds=6&er=&l=20200711093209010019017050009AB901&lr=all&mime_type=video_mp4&qs=0&rc=am00c3hxa3R5bjMzNWkzM0ApODU5MzQ7NztkNzw4ZzU3M2cyZDJwY2YtNjNfLS0zLTBzc19fMjVeMjMtNmFeYTNfY2E6Yw%3D%3D&vl=&vr=,'https://s.click.taobao.com/t?e=m%3D2%26s%3DB0eTTCY4ifVw4vFB6t2Z2ueEDrYVVa64yK8Cckff7TVRAdhuF14FMRgh6UtRmx5a79%2FTFaMDK6Sgo4ckCI9nmRArOr895NZCZmeqMCTvL48AJ398%2BLwQh4z4rjZDGVMA3AH%2B%2FtbjUKvEX1hlZoQF%2B%2F1SarTXhIOTY%2BB6b2yaC%2B4cTNWtqRPez%2F7nyHmkoZi7UPXfdDmI0qBG9KKSrfMLaNMtvXBoP%2F8Im7mCYPNDvKSXwxfIS7TjS5EIiGF4IqgdIPgUSaeV582hhtE3qy9fAnEqY%2Bakgpmw&union_lens=lensId:0b0b6072_0c93_16d921edcbc_e56f&xId=VBr0jk9KNQMnKKtt2IXbRcHyYtqs7Ll1gcI5UX2tdU0mtK4hMVIN7OZPvHSAfFXvM9jqa96G2t3KByg2AREPWl&union_lens=lensId:0b846fb7_0ca1_16d921edcbf_3931,','来自淘宝人气：899593,'593715213601,'6705126025610676996,,,128,11B,小坂明子 (こさか あきこ)的《キミに会いたくて (好想见你)》 https://c.y.qq.com/base/fcgi-bin/u?__=OxxJwwx
'35,'美兰Lan,'6704765936454421774,'好闺蜜是什么样的？你有这样的闺蜜吗？#美妆 @颜夕子,'2019-06-21 17:22:12,'10379,'53,'72,'HEDONE眼影云朵慕斯ㄠ高光单色眼影小盘ins超火闪粉珠便携,'1020,'35,'1117823128,'101200185471,'http://v3-dy-y.ixigua.com/72afa339529401d55bb24192530db579/5f0924d2/video/m/220de5514647a844376a0d2b5dcf6f37d4311629e6cb0000b75f32ce8612/?a=1128&br=3600&bt=1200&cr=3&cs=0&dr=0&ds=6&er=&l=20200711093210010008071071239AD5C2&lr=all&mime_type=video_mp4&qs=0&rc=anY1PHA1Z2VkbjMzaWkzM0ApODQzaWg4NWRnN2Q1ZmkzM2dpNG9sYTUwMDNfLS0uLS9zczJfYDJeLzIyMzE1LzUwLTI6Yw%3D%3D&vl=&vr=,'https://s.click.taobao.com/t?e=m%3D2%26s%3DTCGhUboHwuNw4vFB6t2Z2ueEDrYVVa64yK8Cckff7TVRAdhuF14FMbqucEHNccC68sviUM61dt2go4ckCI9nmRArOr895NZCZmeqMCTvL48AJ398%2BLwQh4z4rjZDGVMA3AH%2B%2FtbjUKvEX1hlZoQF%2B%2F1SarTXhIOTM0D3Mt2yGykc51HrDeMR5k3O4wtQ3K90mLmnSlQi0t%2FrcBA4B94HIrD6wDA95wnSXdWqzpRJg9H3BDTJZVPEAtI9BP%2Bxk%2FrWPuUKMILxyTw%3D&union_lens=lensId:0b01f28b_0b3e_16b7957e5d6_96f4,','来自淘宝人气：3172306,'593915899766,'6704761562390891277,,,126,9B,神前 (こうさき さとる)的《ぼんのう》 https://c.y.qq.com/base/fcgi-bin/u?__=nhVJwwF
'36,'美兰Lan,'6703136299412376835,'这种尴尬的经历，我猜你也一定有过……#美妆 @电商小助手,'2019-06-17 17:25:58,'24234,'50,'201,'HEDONE飞天小女警联名高光小太阳神仙修容一体盘闪粉提亮钻石珠光,'3209,'85,'1117823128,'101200185471,'http://v3-dy-y.ixigua.com/6ef5024632f280df7166b74ac9b143e7/5f0924d9/video/m/220cdfb6286754542c2b93a59734670602f116294ece00005c43805f889d/?a=1128&br=3132&bt=1044&cr=3&cs=0&dr=0&ds=6&er=&l=20200711093210010008071071239AD5C2&lr=all&mime_type=video_mp4&qs=0&rc=amszbTZldDdvbjMzZ2kzM0ApaGk0aWk3aDs7N2lnZDppNGdzNW4yXl40bTBfLS0zLS9zc15jMWIvX14yLWBgXzJjMS06Yw%3D%3D&vl=&vr=,'https://s.click.taobao.com/t?e=m%3D2%26s%3Dkuw7io5%2FNJZw4vFB6t2Z2ueEDrYVVa64yK8Cckff7TVRAdhuF14FMaBmoih8UuA1xq3IhSJN6GSgo4ckCI9nmRArOr895NZCZmeqMCTvL48AJ398%2BLwQh4z4rjZDGVMA3AH%2B%2FtbjUKvEX1hlZoQF%2B%2F1SarTXhIOTY%2BB6b2yaC%2B4cTNWtqRPez%2F7nyHmkoZi79IE6tILtE8BSpuy2zvvkVNMtvXBoP%2F8Im7mCYPNDvKSXwxfIS7TjS5EIiGF4IqgdIPgUSaeV582hhtE3qy9fAnEqY%2Bakgpmw&union_lens=lensId:0b153bbd_0c9f_16d1f9f6b41_1ab7&xId=sMtg2Noit9FRGniJOlYTwuFuBco2OsXq5OyNXq6rCRU290so9Bk8l5p4H5AOtU83fmQLLJpBM9qugH8tMnmCE8&union_lens=lensId:0b1b5435_0c32_16d1f9f6b43_7571,','来自淘宝人气：1648435,'593657730554,'6703356373620542216,,,89,8A,Martynas/David Garrett的《Por Una Cabeza》 https://c.y.qq.com/base/fcgi-bin/u?__=D9hZwwR
'37,'美兰Lan,'6702029998775127309,'己所不欲 勿施于人！#美妆 @电商小助手,'2019-06-14 17:09:47,'21280,'56,'97,'【官方直营】完美日记小金钻口红,'5198,'99.9,'1117823128,'101200185471,'http://v3-dy-y.ixigua.com/3a1af7c9b5c1eee9620c6d7d96e21850/5f0924ce/video/m/2200ed62a17ca1943cd9cf023f1c11c7f6711627c6430000b3f7f1511dc9/?a=1128&br=3036&bt=1012&cr=3&cs=0&dr=0&ds=6&er=&l=20200711093210010008071071239AD5C2&lr=all&mime_type=video_mp4&qs=0&rc=amZ1OTVsNG1wbjMzN2kzM0ApZWc8Nzc2Njs3NzhpNDM0O2cwa141aGpxNS5fLS0yLS9zczAtYS9hMi9hMjY1YjEwMzA6Yw%3D%3D&vl=&vr=,'https://haohuo.jinritemai.com/views/product/item2?id=3337608073920524617&origin_type=2002001000&origin_id=6702029998775127309_3338683426223197488&alkey=1128_101200185471_6702029998775127309_3338683426223197488_011,','来自小店人气：2383146,'3337608073920524617,'6702205620608584456,,,129,9A,Deep East Music《Old Threads》 https://c.y.qq.com/base/fcgi-bin/u?__=XNFZww2
